model,loss,accuracy,f1_macro,f1_weighted,runtime,samples_per_second,steps_per_second
v1,0.5789050459861755,0.8160356347438753,0.7869469779004521,0.8163562968294525,169.4794,26.493,3.316
v2,0.5878738760948181,0.8153674832962138,0.7845686501738159,0.8146910517261242,171.2382,26.221,3.282
