model,loss,accuracy,f1_macro,f1_weighted,runtime,samples_per_second,steps_per_second
v1,0.665000319480896,0.8140311804008908,0.7837062114143197,0.8132959473444089,322.7473,13.912,1.741
v2,0.5878738760948181,0.8153674832962138,0.7845686501738159,0.8146910517261242,318.7163,14.088,1.763
